population_group_id,population_group_name,measure_id,measure_name,location_id,location_name,sex_id,sex_name,age_id,age_name,metric_id,metric_name,year,val,upper,lower
1,All Population,28,HALE (Healthy life expectancy),69,Singapore,1,Male,9,20-24 years,5,Years,2007,51.05483221575323,53.0550015484969,48.70329004814548
1,All Population,28,HALE (Healthy life expectancy),69,Singapore,2,Female,9,20-24 years,5,Years,2007,54.07423209147246,56.46114458022358,51.02841615827268
1,All Population,28,HALE (Healthy life expectancy),69,Singapore,1,Male,9,20-24 years,5,Years,2008,51.42724209192731,53.41324635554284,49.00938381930242
1,All Population,28,HALE (Healthy life expectancy),69,Singapore,2,Female,9,20-24 years,5,Years,2008,54.39367436606469,56.82102603342646,51.45504197356697
1,All Population,28,HALE (Healthy life expectancy),69,Singapore,1,Male,9,20-24 years,5,Years,2009,51.841990010720416,53.89622909801998,49.511166400883866
1,All Population,28,HALE (Healthy life expectancy),69,Singapore,2,Female,9,20-24 years,5,Years,2009,54.78596360412019,57.26730433226904,51.77759693245762
1,All Population,28,HALE (Healthy life expectancy),69,Singapore,1,Male,9,20-24 years,5,Years,2010,52.12878245801707,54.161118585864806,49.70892097252046
1,All Population,28,HALE (Healthy life expectancy),69,Singapore,2,Female,9,20-24 years,5,Years,2010,55.06709005362968,57.60816578067076,52.08447710351411
1,All Population,28,HALE (Healthy life expectancy),69,Singapore,1,Male,9,20-24 years,5,Years,2011,52.39506073270487,54.43439097736263,50.00046819467252
1,All Population,28,HALE (Healthy life expectancy),69,Singapore,2,Female,9,20-24 years,5,Years,2011,55.247383743339896,57.74714629459693,52.20343765183431
1,All Population,28,HALE (Healthy life expectancy),69,Singapore,1,Male,9,20-24 years,5,Years,2012,52.63698082490815,54.71692723475378,50.18805708089655
1,All Population,28,HALE (Healthy life expectancy),69,Singapore,2,Female,9,20-24 years,5,Years,2012,55.35673373967219,57.859018115050205,52.41976412938283
1,All Population,28,HALE (Healthy life expectancy),69,Singapore,1,Male,9,20-24 years,5,Years,2013,52.92899623534837,55.03672039079589,50.39202265088687
1,All Population,28,HALE (Healthy life expectancy),69,Singapore,2,Female,9,20-24 years,5,Years,2013,55.52542460294076,58.07332167318576,52.497274564457605
1,All Population,28,HALE (Healthy life expectancy),69,Singapore,1,Male,9,20-24 years,5,Years,2014,53.1779047710907,55.18451736864752,50.74404129095976
1,All Population,28,HALE (Healthy life expectancy),69,Singapore,2,Female,9,20-24 years,5,Years,2014,55.66284649132703,58.12935248707496,52.60176058914823
1,All Population,28,HALE (Healthy life expectancy),69,Singapore,1,Male,9,20-24 years,5,Years,2015,53.43572400186893,55.46507024591096,51.03336530620872
1,All Population,28,HALE (Healthy life expectancy),69,Singapore,2,Female,9,20-24 years,5,Years,2015,55.921012825707024,58.40514333478824,52.85445891813907
1,All Population,28,HALE (Healthy life expectancy),69,Singapore,1,Male,9,20-24 years,5,Years,2016,53.65003667324001,55.73196075419127,51.21057739684809
1,All Population,28,HALE (Healthy life expectancy),69,Singapore,2,Female,9,20-24 years,5,Years,2016,56.14135183301384,58.74399175754719,52.93249127108567
1,All Population,28,HALE (Healthy life expectancy),69,Singapore,1,Male,9,20-24 years,5,Years,2017,53.82533384323252,56.006080114577344,51.43137747404937
1,All Population,28,HALE (Healthy life expectancy),69,Singapore,2,Female,9,20-24 years,5,Years,2017,56.26448562676039,58.86009902753237,53.06610707499916
1,All Population,28,HALE (Healthy life expectancy),69,Singapore,1,Male,9,20-24 years,5,Years,2018,54.016778753718455,56.19654915701145,51.51612307295911
1,All Population,28,HALE (Healthy life expectancy),69,Singapore,2,Female,9,20-24 years,5,Years,2018,56.485779523275866,59.12002318129668,53.28388117634949
1,All Population,28,HALE (Healthy life expectancy),69,Singapore,1,Male,9,20-24 years,5,Years,2019,54.15473715213004,56.348719487200384,51.62698891979638
1,All Population,28,HALE (Healthy life expectancy),69,Singapore,2,Female,9,20-24 years,5,Years,2019,56.681077046953455,59.290358709174605,53.42527948729091
1,All Population,28,HALE (Healthy life expectancy),69,Singapore,1,Male,10,25-29 years,5,Years,2007,46.46883171176579,48.40628320902229,44.19503737176555
1,All Population,28,HALE (Healthy life expectancy),69,Singapore,2,Female,10,25-29 years,5,Years,2007,49.5206423110512,51.819685077052846,46.565804559053454
1,All Population,28,HALE (Healthy life expectancy),69,Singapore,1,Male,10,25-29 years,5,Years,2008,46.84160873130767,48.77057492003168,44.47839556746632
1,All Population,28,HALE (Healthy life expectancy),69,Singapore,2,Female,10,25-29 years,5,Years,2008,49.8369386404803,52.15418881553263,47.00787717144739
1,All Population,28,HALE (Healthy life expectancy),69,Singapore,1,Male,10,25-29 years,5,Years,2009,47.25420138277362,49.23162844378249,44.97498143493796
1,All Population,28,HALE (Healthy life expectancy),69,Singapore,2,Female,10,25-29 years,5,Years,2009,50.22586164373608,52.60876243272601,47.31425908443581
1,All Population,28,HALE (Healthy life expectancy),69,Singapore,1,Male,10,25-29 years,5,Years,2010,47.53817677266908,49.503999107804816,45.17695116736921
1,All Population,28,HALE (Healthy life expectancy),69,Singapore,2,Female,10,25-29 years,5,Years,2010,50.5040618802046,52.94492463782135,47.61413197530669
1,All Population,28,HALE (Healthy life expectancy),69,Singapore,1,Male,10,25-29 years,5,Years,2011,47.8030060450705,49.78431924031485,45.47203929251541
1,All Population,28,HALE (Healthy life expectancy),69,Singapore,2,Female,10,25-29 years,5,Years,2011,50.68367841631207,53.10706156360379,47.730832292409765
1,All Population,28,HALE (Healthy life expectancy),69,Singapore,1,Male,10,25-29 years,5,Years,2012,48.04519104700394,50.06136184056629,45.644703517969965
1,All Population,28,HALE (Healthy life expectancy),69,Singapore,2,Female,10,25-29 years,5,Years,2012,50.792467750300766,53.20208026497214,47.94316035610399
1,All Population,28,HALE (Healthy life expectancy),69,Singapore,1,Male,10,25-29 years,5,Years,2013,48.33930371045675,50.3865863914998,45.85064116888996
1,All Population,28,HALE (Healthy life expectancy),69,Singapore,2,Female,10,25-29 years,5,Years,2013,50.96286477317304,53.43052517330517,48.02461012113337
1,All Population,28,HALE (Healthy life expectancy),69,Singapore,1,Male,10,25-29 years,5,Years,2014,48.58933454570173,50.53005904360745,46.19498028622215
1,All Population,28,HALE (Healthy life expectancy),69,Singapore,2,Female,10,25-29 years,5,Years,2014,51.10119376254647,53.485638132826494,48.13461831711699
1,All Population,28,HALE (Healthy life expectancy),69,Singapore,1,Male,10,25-29 years,5,Years,2015,48.847671552341296,50.8099742840626,46.52150497804725
1,All Population,28,HALE (Healthy life expectancy),69,Singapore,2,Female,10,25-29 years,5,Years,2015,51.35979748986029,53.7604276945797,48.39714518358316
1,All Population,28,HALE (Healthy life expectancy),69,Singapore,1,Male,10,25-29 years,5,Years,2016,49.062795749349526,51.073846387827686,46.66766181965611
1,All Population,28,HALE (Healthy life expectancy),69,Singapore,2,Female,10,25-29 years,5,Years,2016,51.58159778421872,54.10901121228206,48.47856356934887
1,All Population,28,HALE (Healthy life expectancy),69,Singapore,1,Male,10,25-29 years,5,Years,2017,49.23968083030656,51.3576885257952,46.89123663529704
1,All Population,28,HALE (Healthy life expectancy),69,Singapore,2,Female,10,25-29 years,5,Years,2017,51.7056000168057,54.19686055791862,48.582177355873
1,All Population,28,HALE (Healthy life expectancy),69,Singapore,1,Male,10,25-29 years,5,Years,2018,49.431817811281206,51.52862583401555,46.9877467525848
1,All Population,28,HALE (Healthy life expectancy),69,Singapore,2,Female,10,25-29 years,5,Years,2018,51.92707819941053,54.476368435318825,48.82679107944115
1,All Population,28,HALE (Healthy life expectancy),69,Singapore,1,Male,10,25-29 years,5,Years,2019,49.57318248272767,51.69754339981541,47.09707427736869
1,All Population,28,HALE (Healthy life expectancy),69,Singapore,2,Female,10,25-29 years,5,Years,2019,52.12427115680563,54.650899568664805,48.980144623103335
1,All Population,28,HALE (Healthy life expectancy),69,Singapore,1,Male,11,30-34 years,5,Years,2007,41.90107727916827,43.75964573882848,39.70693353700391
1,All Population,28,HALE (Healthy life expectancy),69,Singapore,2,Female,11,30-34 years,5,Years,2007,45.01154836100097,47.21050884306973,42.16598704451175
1,All Population,28,HALE (Healthy life expectancy),69,Singapore,1,Male,11,30-34 years,5,Years,2008,42.27232306976253,44.1310746727198,39.97702799971661
1,All Population,28,HALE (Healthy life expectancy),69,Singapore,2,Female,11,30-34 years,5,Years,2008,45.3252972156277,47.539993723297805,42.61932474920438
1,All Population,28,HALE (Healthy life expectancy),69,Singapore,1,Male,11,30-34 years,5,Years,2009,42.68330969401672,44.58111782744175,40.47123081563179
1,All Population,28,HALE (Healthy life expectancy),69,Singapore,2,Female,11,30-34 years,5,Years,2009,45.71120290420616,47.98644747763869,42.93266602974545
1,All Population,28,HALE (Healthy life expectancy),69,Singapore,1,Male,11,30-34 years,5,Years,2010,42.96639659406669,44.8565602341731,40.67144465640408
1,All Population,28,HALE (Healthy life expectancy),69,Singapore,2,Female,11,30-34 years,5,Years,2010,45.98756210958299,48.31659181361987,43.20953563682244
1,All Population,28,HALE (Healthy life expectancy),69,Singapore,1,Male,11,30-34 years,5,Years,2011,43.23162499325922,45.14992762385914,40.96022783232388
1,All Population,28,HALE (Healthy life expectancy),69,Singapore,2,Female,11,30-34 years,5,Years,2011,46.16808385104535,48.50579368947779,43.34016788456808
1,All Population,28,HALE (Healthy life expectancy),69,Singapore,1,Male,11,30-34 years,5,Years,2012,43.47609230147909,45.41890475653476,41.15596170728067
1,All Population,28,HALE (Healthy life expectancy),69,Singapore,2,Female,11,30-34 years,5,Years,2012,46.277813822573385,48.5908169481203,43.51669698333758
1,All Population,28,HALE (Healthy life expectancy),69,Singapore,1,Male,11,30-34 years,5,Years,2013,43.77255933270159,45.73709049864621,41.38255621218801
1,All Population,28,HALE (Healthy life expectancy),69,Singapore,2,Female,11,30-34 years,5,Years,2013,46.450717616756606,48.830443242558296,43.62362835539378
1,All Population,28,HALE (Healthy life expectancy),69,Singapore,1,Male,11,30-34 years,5,Years,2014,44.024424610763525,45.89099336401504,41.68405285143544
1,All Population,28,HALE (Healthy life expectancy),69,Singapore,2,Female,11,30-34 years,5,Years,2014,46.5914225428418,48.88366212694344,43.71257470182529
1,All Population,28,HALE (Healthy life expectancy),69,Singapore,1,Male,11,30-34 years,5,Years,2015,44.28473028451885,46.16796777635919,42.04609609488072
1,All Population,28,HALE (Healthy life expectancy),69,Singapore,2,Female,11,30-34 years,5,Years,2015,46.85114402755538,49.159969341796085,43.9902348897459
1,All Population,28,HALE (Healthy life expectancy),69,Singapore,1,Male,11,30-34 years,5,Years,2016,44.50257678045739,46.42855428131983,42.16417927760261
1,All Population,28,HALE (Healthy life expectancy),69,Singapore,2,Female,11,30-34 years,5,Years,2016,47.0736158022653,49.51145342759262,44.07863360154457
1,All Population,28,HALE (Healthy life expectancy),69,Singapore,1,Male,11,30-34 years,5,Years,2017,44.68315561357632,46.72368779709275,42.391988633335046
1,All Population,28,HALE (Healthy life expectancy),69,Singapore,2,Female,11,30-34 years,5,Years,2017,47.197201541146455,49.56586376587835,44.19544309956164
1,All Population,28,HALE (Healthy life expectancy),69,Singapore,1,Male,11,30-34 years,5,Years,2018,44.87872145665964,46.88384072873883,42.49644476172927
1,All Population,28,HALE (Healthy life expectancy),69,Singapore,2,Female,11,30-34 years,5,Years,2018,47.41953839635464,49.86105761077579,44.43507852677199
1,All Population,28,HALE (Healthy life expectancy),69,Singapore,1,Male,11,30-34 years,5,Years,2019,45.025176672441134,47.07089614154785,42.61793818668146
1,All Population,28,HALE (Healthy life expectancy),69,Singapore,2,Female,11,30-34 years,5,Years,2019,47.61710224053448,50.04460250682763,44.60146968918899
1,All Population,28,HALE (Healthy life expectancy),69,Singapore,1,Male,12,35-39 years,5,Years,2007,37.38251218845921,39.14405027260145,35.29798688342886
1,All Population,28,HALE (Healthy life expectancy),69,Singapore,2,Female,12,35-39 years,5,Years,2007,40.55440627778969,42.62978126203759,37.82300540145133
1,All Population,28,HALE (Healthy life expectancy),69,Singapore,1,Male,12,35-39 years,5,Years,2008,37.75007360303323,39.51942955459046,35.537813990754906
1,All Population,28,HALE (Healthy life expectancy),69,Singapore,2,Female,12,35-39 years,5,Years,2008,40.86336866497804,42.98656601479274,38.27787145256599
1,All Population,28,HALE (Healthy life expectancy),69,Singapore,1,Male,12,35-39 years,5,Years,2009,38.156363020650986,39.97343422309137,36.01282217261798
1,All Population,28,HALE (Healthy life expectancy),69,Singapore,2,Female,12,35-39 years,5,Years,2009,41.24451347109928,43.39640293121791,38.5849886049011
1,All Population,28,HALE (Healthy life expectancy),69,Singapore,1,Male,12,35-39 years,5,Years,2010,38.433224094658094,40.256279499356125,36.20728740019365
1,All Population,28,HALE (Healthy life expectancy),69,Singapore,2,Female,12,35-39 years,5,Years,2010,41.516911430567134,43.72147375707091,38.86200528915239
1,All Population,28,HALE (Healthy life expectancy),69,Singapore,1,Male,12,35-39 years,5,Years,2011,38.69351628694378,40.54636206473404,36.52847384032961
1,All Population,28,HALE (Healthy life expectancy),69,Singapore,2,Female,12,35-39 years,5,Years,2011,41.69564072382591,43.90734654334849,38.98607607593209
1,All Population,28,HALE (Healthy life expectancy),69,Singapore,1,Male,12,35-39 years,5,Years,2012,38.93478649980232,40.796556707445376,36.73423782488528
1,All Population,28,HALE (Healthy life expectancy),69,Singapore,2,Female,12,35-39 years,5,Years,2012,41.80548086427092,44.00537255057844,39.13800879640587
1,All Population,28,HALE (Healthy life expectancy),69,Singapore,1,Male,12,35-39 years,5,Years,2013,39.2308314127291,41.10308448261329,36.96004536712776
1,All Population,28,HALE (Healthy life expectancy),69,Singapore,2,Female,12,35-39 years,5,Years,2013,41.97736301756365,44.25745104442076,39.26586596819179
1,All Population,28,HALE (Healthy life expectancy),69,Singapore,1,Male,12,35-39 years,5,Years,2014,39.48237304297703,41.27921213299178,37.22223227428331
1,All Population,28,HALE (Healthy life expectancy),69,Singapore,2,Female,12,35-39 years,5,Years,2014,42.11804377848769,44.30823054625215,39.3297027650581
1,All Population,28,HALE (Healthy life expectancy),69,Singapore,1,Male,12,35-39 years,5,Years,2015,39.743066143349935,41.54565679067135,37.61376448874941
1,All Population,28,HALE (Healthy life expectancy),69,Singapore,2,Female,12,35-39 years,5,Years,2015,42.3773909637974,44.58694963806193,39.61564513677909
1,All Population,28,HALE (Healthy life expectancy),69,Singapore,1,Male,12,35-39 years,5,Years,2016,39.963255598177255,41.805595538276506,37.68979764105604
1,All Population,28,HALE (Healthy life expectancy),69,Singapore,2,Female,12,35-39 years,5,Years,2016,42.598901043744206,44.93901981802802,39.719530771970895
1,All Population,28,HALE (Healthy life expectancy),69,Singapore,1,Male,12,35-39 years,5,Years,2017,40.14697565163252,42.09822086037207,37.92684819585513
1,All Population,28,HALE (Healthy life expectancy),69,Singapore,2,Female,12,35-39 years,5,Years,2017,42.72082354852011,44.979438120245725,39.84417193662287
1,All Population,28,HALE (Healthy life expectancy),69,Singapore,1,Male,12,35-39 years,5,Years,2018,40.3467126769534,42.26178706802498,38.03595695873291
1,All Population,28,HALE (Healthy life expectancy),69,Singapore,2,Female,12,35-39 years,5,Years,2018,42.94128374548497,45.26711698835524,40.076967262407095
1,All Population,28,HALE (Healthy life expectancy),69,Singapore,1,Male,12,35-39 years,5,Years,2019,40.49691192268814,42.456931257148014,38.16913591281231
1,All Population,28,HALE (Healthy life expectancy),69,Singapore,2,Female,12,35-39 years,5,Years,2019,43.138042681159945,45.462960065832775,40.23816007942677
1,All Population,28,HALE (Healthy life expectancy),69,Singapore,1,Male,13,40-44 years,5,Years,2007,32.95024513716221,34.61960141941484,30.98686723133313
1,All Population,28,HALE (Healthy life expectancy),69,Singapore,2,Female,13,40-44 years,5,Years,2007,36.16075404970959,38.11290792999407,33.545608076428444
1,All Population,28,HALE (Healthy life expectancy),69,Singapore,1,Male,13,40-44 years,5,Years,2008,33.307883859738496,34.98881835215158,31.189407936060263
1,All Population,28,HALE (Healthy life expectancy),69,Singapore,2,Female,13,40-44 years,5,Years,2008,36.46573566749441,38.47471681528005,33.981799460256376
1,All Population,28,HALE (Healthy life expectancy),69,Singapore,1,Male,13,40-44 years,5,Years,2009,33.70246391145168,35.43861098426775,31.6504359283191
1,All Population,28,HALE (Healthy life expectancy),69,Singapore,2,Female,13,40-44 years,5,Years,2009,36.84106474831704,38.87460797244894,34.31172636862732
1,All Population,28,HALE (Healthy life expectancy),69,Singapore,1,Male,13,40-44 years,5,Years,2010,33.96850100061943,35.703750105676285,31.831516034838423
1,All Population,28,HALE (Healthy life expectancy),69,Singapore,2,Female,13,40-44 years,5,Years,2010,37.10904618174784,39.19237073471057,34.57254590314674
1,All Population,28,HALE (Healthy life expectancy),69,Singapore,1,Male,13,40-44 years,5,Years,2011,34.22023509716751,35.986329575532764,32.164689498942
1,All Population,28,HALE (Healthy life expectancy),69,Singapore,2,Female,13,40-44 years,5,Years,2011,37.28492846515413,39.375312688509965,34.70202634148505
1,All Population,28,HALE (Healthy life expectancy),69,Singapore,1,Male,13,40-44 years,5,Years,2012,34.456721873233235,36.227773504415374,32.38339262867679
1,All Population,28,HALE (Healthy life expectancy),69,Singapore,2,Female,13,40-44 years,5,Years,2012,37.39288837043732,39.47903344856076,34.82066946575728
1,All Population,28,HALE (Healthy life expectancy),69,Singapore,1,Male,13,40-44 years,5,Years,2013,34.75121079689181,36.526272379782384,32.59830681970662
1,All Population,28,HALE (Healthy life expectancy),69,Singapore,2,Female,13,40-44 years,5,Years,2013,37.563214352322255,39.72315324549909,34.95067642622436
1,All Population,28,HALE (Healthy life expectancy),69,Singapore,1,Male,13,40-44 years,5,Years,2014,34.99977686277439,36.70803981597349,32.84250295347049
1,All Population,28,HALE (Healthy life expectancy),69,Singapore,2,Female,13,40-44 years,5,Years,2014,37.70148903531312,39.7655438188489,35.010522857574955
1,All Population,28,HALE (Healthy life expectancy),69,Singapore,1,Male,13,40-44 years,5,Years,2015,35.25680630938523,36.97411943776643,33.233990227762234
1,All Population,28,HALE (Healthy life expectancy),69,Singapore,2,Female,13,40-44 years,5,Years,2015,37.956743875131984,40.05782567434521,35.289105335486475
1,All Population,28,HALE (Healthy life expectancy),69,Singapore,1,Male,13,40-44 years,5,Years,2016,35.47326531360648,37.22421927489838,33.299235633211325
1,All Population,28,HALE (Healthy life expectancy),69,Singapore,2,Female,13,40-44 years,5,Years,2016,38.17439452552649,40.403281241062885,35.39889422097674
1,All Population,28,HALE (Healthy life expectancy),69,Singapore,1,Male,13,40-44 years,5,Years,2017,35.654604549504285,37.51703292424223,33.520020164081615
1,All Population,28,HALE (Healthy life expectancy),69,Singapore,2,Female,13,40-44 years,5,Years,2017,38.29302147788438,40.43653135092735,35.537841828030444
1,All Population,28,HALE (Healthy life expectancy),69,Singapore,1,Male,13,40-44 years,5,Years,2018,35.85515255575838,37.68623110927999,33.62503576856667
1,All Population,28,HALE (Healthy life expectancy),69,Singapore,2,Female,13,40-44 years,5,Years,2018,38.51167915285057,40.71239207110236,35.768911960186394
1,All Population,28,HALE (Healthy life expectancy),69,Singapore,1,Male,13,40-44 years,5,Years,2019,36.008713684387224,37.88606602466277,33.7655810543451
1,All Population,28,HALE (Healthy life expectancy),69,Singapore,2,Female,13,40-44 years,5,Years,2019,38.7078553528364,40.93243125056458,35.93160069714212
1,All Population,28,HALE (Healthy life expectancy),69,Singapore,1,Male,14,45-49 years,5,Years,2007,28.63228065388482,30.18594403559501,26.80660560952883
1,All Population,28,HALE (Healthy life expectancy),69,Singapore,2,Female,14,45-49 years,5,Years,2007,31.855129762259025,33.690050260582865,29.37029260509294
1,All Population,28,HALE (Healthy life expectancy),69,Singapore,1,Male,14,45-49 years,5,Years,2008,28.976482518951435,30.548512122140554,26.981446782938704
1,All Population,28,HALE (Healthy life expectancy),69,Singapore,2,Female,14,45-49 years,5,Years,2008,32.15349058146975,34.0228206821332,29.78204843695008
1,All Population,28,HALE (Healthy life expectancy),69,Singapore,1,Male,14,45-49 years,5,Years,2009,29.35666827458997,31.002780659775546,27.391028438770608
1,All Population,28,HALE (Healthy life expectancy),69,Singapore,2,Female,14,45-49 years,5,Years,2009,32.520951931427575,34.42977573479766,30.118724651225563
1,All Population,28,HALE (Healthy life expectancy),69,Singapore,1,Male,14,45-49 years,5,Years,2010,29.61306834838078,31.253508682164277,27.59599619671883
1,All Population,28,HALE (Healthy life expectancy),69,Singapore,2,Female,14,45-49 years,5,Years,2010,32.78329158346466,34.735044101158536,30.38129094791103
1,All Population,28,HALE (Healthy life expectancy),69,Singapore,1,Male,14,45-49 years,5,Years,2011,29.85739424593465,31.52034295844023,27.91163279689342
1,All Population,28,HALE (Healthy life expectancy),69,Singapore,2,Female,14,45-49 years,5,Years,2011,32.95736837656219,34.9258635956458,30.49113080714876
1,All Population,28,HALE (Healthy life expectancy),69,Singapore,1,Male,14,45-49 years,5,Years,2012,30.08826326162879,31.759628577809565,28.13974403235296
1,All Population,28,HALE (Healthy life expectancy),69,Singapore,2,Female,14,45-49 years,5,Years,2012,33.0655559151778,35.04300516424304,30.60795285445654
1,All Population,28,HALE (Healthy life expectancy),69,Singapore,1,Male,14,45-49 years,5,Years,2013,30.377745640176645,32.05061285038674,28.34195322732136
1,All Population,28,HALE (Healthy life expectancy),69,Singapore,2,Female,14,45-49 years,5,Years,2013,33.23477555590434,35.24032407490346,30.734550663572577
1,All Population,28,HALE (Healthy life expectancy),69,Singapore,1,Male,14,45-49 years,5,Years,2014,30.61892270100945,32.23299348774255,28.57915814987329
1,All Population,28,HALE (Healthy life expectancy),69,Singapore,2,Female,14,45-49 years,5,Years,2014,33.36916624577388,35.300617701986006,30.78538718574494
1,All Population,28,HALE (Healthy life expectancy),69,Singapore,1,Male,14,45-49 years,5,Years,2015,30.86925251447883,32.49709157576693,28.965795360765867
1,All Population,28,HALE (Healthy life expectancy),69,Singapore,2,Female,14,45-49 years,5,Years,2015,33.61818004783777,35.61461214693081,31.05807210020034
1,All Population,28,HALE (Healthy life expectancy),69,Singapore,1,Male,14,45-49 years,5,Years,2016,31.07987915124731,32.71880358215849,29.016808451547004
1,All Population,28,HALE (Healthy life expectancy),69,Singapore,2,Female,14,45-49 years,5,Years,2016,33.828776511844566,35.932612506333086,31.16438467832534
1,All Population,28,HALE (Healthy life expectancy),69,Singapore,1,Male,14,45-49 years,5,Years,2017,31.25979005922654,33.011439334809225,29.21355686724569
1,All Population,28,HALE (Healthy life expectancy),69,Singapore,2,Female,14,45-49 years,5,Years,2017,33.940105952677506,35.95740104809249,31.31993950794791
1,All Population,28,HALE (Healthy life expectancy),69,Singapore,1,Male,14,45-49 years,5,Years,2018,31.460020967325512,33.19077439807388,29.3159085317509
1,All Population,28,HALE (Healthy life expectancy),69,Singapore,2,Female,14,45-49 years,5,Years,2018,34.15117846796352,36.20612444816766,31.54973373492776
1,All Population,28,HALE (Healthy life expectancy),69,Singapore,1,Male,14,45-49 years,5,Years,2019,31.609854131080933,33.386602686909285,29.46532442024368
1,All Population,28,HALE (Healthy life expectancy),69,Singapore,2,Female,14,45-49 years,5,Years,2019,34.343527496072994,36.448295150193,31.715825812845555
1,All Population,28,HALE (Healthy life expectancy),69,Singapore,1,Male,15,50-54 years,5,Years,2007,24.470444470371525,25.917889274710262,22.79263144068369
1,All Population,28,HALE (Healthy life expectancy),69,Singapore,2,Female,15,50-54 years,5,Years,2007,27.66632188337462,29.406755854254904,25.35479872186764
1,All Population,28,HALE (Healthy life expectancy),69,Singapore,1,Male,15,50-54 years,5,Years,2008,24.79820373761799,26.269336529484143,22.955710302565095
1,All Population,28,HALE (Healthy life expectancy),69,Singapore,2,Female,15,50-54 years,5,Years,2008,27.953220352044667,29.671824440009296,25.7026103457973
1,All Population,28,HALE (Healthy life expectancy),69,Singapore,1,Male,15,50-54 years,5,Years,2009,25.160657617316325,26.694265961453013,23.317722568463388
1,All Population,28,HALE (Healthy life expectancy),69,Singapore,2,Female,15,50-54 years,5,Years,2009,28.311713824812863,30.095579084202686,26.06166936840564
1,All Population,28,HALE (Healthy life expectancy),69,Singapore,1,Male,15,50-54 years,5,Years,2010,25.404946959301935,26.935163910251774,23.542531743657392
1,All Population,28,HALE (Healthy life expectancy),69,Singapore,2,Female,15,50-54 years,5,Years,2010,28.56771208897058,30.386091547286373,26.330581274601315
1,All Population,28,HALE (Healthy life expectancy),69,Singapore,1,Male,15,50-54 years,5,Years,2011,25.636015516902148,27.178231915650333,23.821503687495685
1,All Population,28,HALE (Healthy life expectancy),69,Singapore,2,Female,15,50-54 years,5,Years,2011,28.740582634858697,30.56821708574344,26.44721746761209
1,All Population,28,HALE (Healthy life expectancy),69,Singapore,1,Male,15,50-54 years,5,Years,2012,25.853591451819906,27.41409544302489,24.0572197916412
1,All Population,28,HALE (Healthy life expectancy),69,Singapore,2,Female,15,50-54 years,5,Years,2012,28.84908249868285,30.69226505471643,26.56065729719489
1,All Population,28,HALE (Healthy life expectancy),69,Singapore,1,Male,15,50-54 years,5,Years,2013,26.132480999790744,27.69723846052998,24.248980045246
1,All Population,28,HALE (Healthy life expectancy),69,Singapore,2,Female,15,50-54 years,5,Years,2013,29.01474957900312,30.88910106624733,26.688596167564366
1,All Population,28,HALE (Healthy life expectancy),69,Singapore,1,Male,15,50-54 years,5,Years,2014,26.364432007440424,27.8766402907343,24.47323556754702
1,All Population,28,HALE (Healthy life expectancy),69,Singapore,2,Female,15,50-54 years,5,Years,2014,29.14426990487397,30.96548612595929,26.7278951745084
1,All Population,28,HALE (Healthy life expectancy),69,Singapore,1,Male,15,50-54 years,5,Years,2015,26.60755290357024,28.145055799353205,24.84870221266477
1,All Population,28,HALE (Healthy life expectancy),69,Singapore,2,Female,15,50-54 years,5,Years,2015,29.38828394381292,31.24833947465861,26.992305653560926
1,All Population,28,HALE (Healthy life expectancy),69,Singapore,1,Male,15,50-54 years,5,Years,2016,26.814868387280203,28.34350409158693,24.89638579444823
1,All Population,28,HALE (Healthy life expectancy),69,Singapore,2,Female,15,50-54 years,5,Years,2016,29.59645894585057,31.551135556456806,27.113808379559572
1,All Population,28,HALE (Healthy life expectancy),69,Singapore,1,Male,15,50-54 years,5,Years,2017,26.99186573766131,28.624155878579355,25.07324882879925
1,All Population,28,HALE (Healthy life expectancy),69,Singapore,2,Female,15,50-54 years,5,Years,2017,29.707631189924925,31.600198058683265,27.253582045477053
1,All Population,28,HALE (Healthy life expectancy),69,Singapore,1,Male,15,50-54 years,5,Years,2018,27.18864636280172,28.801766063503425,25.189247080402204
1,All Population,28,HALE (Healthy life expectancy),69,Singapore,2,Female,15,50-54 years,5,Years,2018,29.91928030862722,31.811484786916576,27.49203156064395
1,All Population,28,HALE (Healthy life expectancy),69,Singapore,1,Male,15,50-54 years,5,Years,2019,27.333229271053604,28.994839518249385,25.34674657998117
1,All Population,28,HALE (Healthy life expectancy),69,Singapore,2,Female,15,50-54 years,5,Years,2019,30.113402420411745,32.0656268684041,27.65476075975327
1,All Population,28,HALE (Healthy life expectancy),69,Singapore,1,Male,16,55-59 years,5,Years,2007,20.539784721767813,21.86741822023812,18.99749497815378
1,All Population,28,HALE (Healthy life expectancy),69,Singapore,2,Female,16,55-59 years,5,Years,2007,23.635388773462203,25.25496814937613,21.53325277182715
1,All Population,28,HALE (Healthy life expectancy),69,Singapore,1,Male,16,55-59 years,5,Years,2008,20.850030091949588,22.200810564689483,19.19667862506284
1,All Population,28,HALE (Healthy life expectancy),69,Singapore,2,Female,16,55-59 years,5,Years,2008,23.907883525306104,25.47134211717413,21.790023834435612
1,All Population,28,HALE (Healthy life expectancy),69,Singapore,1,Male,16,55-59 years,5,Years,2009,21.189933908643702,22.598200354526515,19.52548163711081
1,All Population,28,HALE (Healthy life expectancy),69,Singapore,2,Female,16,55-59 years,5,Years,2009,24.25207605610554,25.88736809642321,22.154430883990223
1,All Population,28,HALE (Healthy life expectancy),69,Singapore,1,Male,16,55-59 years,5,Years,2010,21.415872507296108,22.80467664104035,19.71858148552413
1,All Population,28,HALE (Healthy life expectancy),69,Singapore,2,Female,16,55-59 years,5,Years,2010,24.49810514548932,26.165853961820652,22.45522815657789
1,All Population,28,HALE (Healthy life expectancy),69,Singapore,1,Male,16,55-59 years,5,Years,2011,21.62505133803996,23.050785822054426,19.966408972229395
1,All Population,28,HALE (Healthy life expectancy),69,Singapore,2,Female,16,55-59 years,5,Years,2011,24.66698148802148,26.33791281828715,22.540162203062547
1,All Population,28,HALE (Healthy life expectancy),69,Singapore,1,Male,16,55-59 years,5,Years,2012,21.821973439101647,23.250941591000235,20.21430092611765
1,All Population,28,HALE (Healthy life expectancy),69,Singapore,2,Female,16,55-59 years,5,Years,2012,24.77407585762432,26.460219194990337,22.64436242349072
1,All Population,28,HALE (Healthy life expectancy),69,Singapore,1,Male,16,55-59 years,5,Years,2013,22.0814894811604,23.54778346276933,20.385920326653878
1,All Population,28,HALE (Healthy life expectancy),69,Singapore,2,Female,16,55-59 years,5,Years,2013,24.933244218986243,26.67844840446119,22.813598453069822
1,All Population,28,HALE (Healthy life expectancy),69,Singapore,1,Male,16,55-59 years,5,Years,2014,22.298259941413782,23.692387351654723,20.60077028760867
1,All Population,28,HALE (Healthy life expectancy),69,Singapore,2,Female,16,55-59 years,5,Years,2014,25.05477622322695,26.73701442170797,22.848542866446643
1,All Population,28,HALE (Healthy life expectancy),69,Singapore,1,Male,16,55-59 years,5,Years,2015,22.530876353338,23.95040635842496,20.933265666323265
1,All Population,28,HALE (Healthy life expectancy),69,Singapore,2,Female,16,55-59 years,5,Years,2015,25.28733393925789,26.99938690662381,23.09253819301756
1,All Population,28,HALE (Healthy life expectancy),69,Singapore,1,Male,16,55-59 years,5,Years,2016,22.73034984729439,24.148415906274817,21.00234883600612
1,All Population,28,HALE (Healthy life expectancy),69,Singapore,2,Female,16,55-59 years,5,Years,2016,25.48673129312545,27.297570467439627,23.215815351511637
1,All Population,28,HALE (Healthy life expectancy),69,Singapore,1,Male,16,55-59 years,5,Years,2017,22.897043421635708,24.39009442696323,21.12724330483122
1,All Population,28,HALE (Healthy life expectancy),69,Singapore,2,Female,16,55-59 years,5,Years,2017,25.588724991960955,27.32257927039467,23.360034181860986
1,All Population,28,HALE (Healthy life expectancy),69,Singapore,1,Male,16,55-59 years,5,Years,2018,23.084073241263383,24.584549505101556,21.246899937069173
1,All Population,28,HALE (Healthy life expectancy),69,Singapore,2,Female,16,55-59 years,5,Years,2018,25.7890561770055,27.51085545258142,23.58386200005254
1,All Population,28,HALE (Healthy life expectancy),69,Singapore,1,Male,16,55-59 years,5,Years,2019,23.216201866707248,24.75160160759597,21.43911638950028
1,All Population,28,HALE (Healthy life expectancy),69,Singapore,2,Female,16,55-59 years,5,Years,2019,25.976921274899716,27.765314230859115,23.736835120601917
1,All Population,28,HALE (Healthy life expectancy),69,Singapore,1,Male,17,60-64 years,5,Years,2007,16.850972455324047,18.030788847527266,15.530971735222426
1,All Population,28,HALE (Healthy life expectancy),69,Singapore,2,Female,17,60-64 years,5,Years,2007,19.788848503743864,21.228711628068275,17.901902250001477
1,All Population,28,HALE (Healthy life expectancy),69,Singapore,1,Male,17,60-64 years,5,Years,2008,17.13275873965896,18.331118536102323,15.700667453037694
1,All Population,28,HALE (Healthy life expectancy),69,Singapore,2,Female,17,60-64 years,5,Years,2008,20.04165201526049,21.441204315179576,18.117790166482017
1,All Population,28,HALE (Healthy life expectancy),69,Singapore,1,Male,17,60-64 years,5,Years,2009,17.446057980020623,18.718831699428208,15.979920412446264
1,All Population,28,HALE (Healthy life expectancy),69,Singapore,2,Female,17,60-64 years,5,Years,2009,20.365153051439577,21.86568013578635,18.446379122371997
1,All Population,28,HALE (Healthy life expectancy),69,Singapore,1,Male,17,60-64 years,5,Years,2010,17.657189552998496,18.91334681854746,16.136789870907933
1,All Population,28,HALE (Healthy life expectancy),69,Singapore,2,Female,17,60-64 years,5,Years,2010,20.59863272411386,22.12579482867685,18.77834399564196
1,All Population,28,HALE (Healthy life expectancy),69,Singapore,1,Male,17,60-64 years,5,Years,2011,17.854774950490444,19.1194989348512,16.351391427508844
1,All Population,28,HALE (Healthy life expectancy),69,Singapore,2,Female,17,60-64 years,5,Years,2011,20.760715167018304,22.287110728174397,18.830653643890408
1,All Population,28,HALE (Healthy life expectancy),69,Singapore,1,Male,17,60-64 years,5,Years,2012,18.043714338193023,19.342190738216445,16.597890503573197
1,All Population,28,HALE (Healthy life expectancy),69,Singapore,2,Female,17,60-64 years,5,Years,2012,20.86889925506719,22.398396008826936,18.933078525066616
1,All Population,28,HALE (Healthy life expectancy),69,Singapore,1,Male,17,60-64 years,5,Years,2013,18.29006175074532,19.601172978677816,16.8080293784045
1,All Population,28,HALE (Healthy life expectancy),69,Singapore,2,Female,17,60-64 years,5,Years,2013,21.02256518913152,22.62525551168765,19.11140628456793
1,All Population,28,HALE (Healthy life expectancy),69,Singapore,1,Male,17,60-64 years,5,Years,2014,18.491096122050685,19.75504787139385,17.009199256876794
1,All Population,28,HALE (Healthy life expectancy),69,Singapore,2,Female,17,60-64 years,5,Years,2014,21.13800705951789,22.630212991009422,19.15178832168605
1,All Population,28,HALE (Healthy life expectancy),69,Singapore,1,Male,17,60-64 years,5,Years,2015,18.7069241496664,19.98926382261224,17.291254607600592
1,All Population,28,HALE (Healthy life expectancy),69,Singapore,2,Female,17,60-64 years,5,Years,2015,21.3609534722876,22.88057118312521,19.395974647658782
1,All Population,28,HALE (Healthy life expectancy),69,Singapore,1,Male,17,60-64 years,5,Years,2016,18.887290675905227,20.177712280035323,17.351289162813167
1,All Population,28,HALE (Healthy life expectancy),69,Singapore,2,Female,17,60-64 years,5,Years,2016,21.552533697583208,23.19586549307845,19.487314774736355
1,All Population,28,HALE (Healthy life expectancy),69,Singapore,1,Male,17,60-64 years,5,Years,2017,19.034714596985623,20.39604360860284,17.4288214660427
1,All Population,28,HALE (Healthy life expectancy),69,Singapore,2,Female,17,60-64 years,5,Years,2017,21.64843311920836,23.229954288289655,19.62796050109175
1,All Population,28,HALE (Healthy life expectancy),69,Singapore,1,Male,17,60-64 years,5,Years,2018,19.205336124707618,20.55783625989969,17.559123895120504
1,All Population,28,HALE (Healthy life expectancy),69,Singapore,2,Female,17,60-64 years,5,Years,2018,21.83739991958393,23.405023053573032,19.86049226818421
1,All Population,28,HALE (Healthy life expectancy),69,Singapore,1,Male,17,60-64 years,5,Years,2019,19.32021800463248,20.711635624894324,17.72573647167079
1,All Population,28,HALE (Healthy life expectancy),69,Singapore,2,Female,17,60-64 years,5,Years,2019,22.014021133609983,23.64921052143587,19.99473064076721
1,All Population,28,HALE (Healthy life expectancy),69,Singapore,1,Male,18,65-69 years,5,Years,2007,13.499646223328847,14.55931154704194,12.325089828807172
1,All Population,28,HALE (Healthy life expectancy),69,Singapore,2,Female,18,65-69 years,5,Years,2007,16.173149529116316,17.445396579962253,14.505871192463784
1,All Population,28,HALE (Healthy life expectancy),69,Singapore,1,Male,18,65-69 years,5,Years,2008,13.739077239159124,14.808290257437946,12.522708390225196
1,All Population,28,HALE (Healthy life expectancy),69,Singapore,2,Female,18,65-69 years,5,Years,2008,16.403303990053608,17.65549678361466,14.723602065486045
1,All Population,28,HALE (Healthy life expectancy),69,Singapore,1,Male,18,65-69 years,5,Years,2009,14.008869935053465,15.137530149699206,12.73456665483032
1,All Population,28,HALE (Healthy life expectancy),69,Singapore,2,Female,18,65-69 years,5,Years,2009,16.703996738196714,18.0503305136655,15.021139921730786
1,All Population,28,HALE (Healthy life expectancy),69,Singapore,1,Male,18,65-69 years,5,Years,2010,14.178441064757063,15.258623422417484,12.846731384345384
1,All Population,28,HALE (Healthy life expectancy),69,Singapore,2,Female,18,65-69 years,5,Years,2010,16.917713091336427,18.259369084335408,15.302377429573356
1,All Population,28,HALE (Healthy life expectancy),69,Singapore,1,Male,18,65-69 years,5,Years,2011,14.34711769705016,15.452535875597096,12.990390572169089
1,All Population,28,HALE (Healthy life expectancy),69,Singapore,2,Female,18,65-69 years,5,Years,2011,17.067674429428177,18.436085254876133,15.353205315767855
1,All Population,28,HALE (Healthy life expectancy),69,Singapore,1,Male,18,65-69 years,5,Years,2012,14.5241175494948,15.661553354411756,13.217512373990626
1,All Population,28,HALE (Healthy life expectancy),69,Singapore,2,Female,18,65-69 years,5,Years,2012,17.174312392237034,18.52111635949944,15.456112054033191
1,All Population,28,HALE (Healthy life expectancy),69,Singapore,1,Male,18,65-69 years,5,Years,2013,14.750116347642129,15.90575965628878,13.447358711428016
1,All Population,28,HALE (Healthy life expectancy),69,Singapore,2,Female,18,65-69 years,5,Years,2013,17.314383177251276,18.721440560471663,15.60284825431319
1,All Population,28,HALE (Healthy life expectancy),69,Singapore,1,Male,18,65-69 years,5,Years,2014,14.93452300571568,16.06612589752875,13.663769311435484
1,All Population,28,HALE (Healthy life expectancy),69,Singapore,2,Female,18,65-69 years,5,Years,2014,17.413907115945175,18.73485399650157,15.642552794403958
1,All Population,28,HALE (Healthy life expectancy),69,Singapore,1,Male,18,65-69 years,5,Years,2015,15.13939844456487,16.260671896298312,13.879739159913708
1,All Population,28,HALE (Healthy life expectancy),69,Singapore,2,Female,18,65-69 years,5,Years,2015,17.618518416529266,18.956883134524155,15.863572320499506
1,All Population,28,HALE (Healthy life expectancy),69,Singapore,1,Male,18,65-69 years,5,Years,2016,15.311153072684656,16.444969487984288,13.943600478613265
1,All Population,28,HALE (Healthy life expectancy),69,Singapore,2,Female,18,65-69 years,5,Years,2016,17.79535770139575,19.232713590753445,15.939662006446216
1,All Population,28,HALE (Healthy life expectancy),69,Singapore,1,Male,18,65-69 years,5,Years,2017,15.452722107565991,16.646783094938975,14.025468698786618
1,All Population,28,HALE (Healthy life expectancy),69,Singapore,2,Female,18,65-69 years,5,Years,2017,17.883878797986842,19.31785332026942,16.073292172133197
1,All Population,28,HALE (Healthy life expectancy),69,Singapore,1,Male,18,65-69 years,5,Years,2018,15.618853753684224,16.784590975233247,14.181586900749425
1,All Population,28,HALE (Healthy life expectancy),69,Singapore,2,Female,18,65-69 years,5,Years,2018,18.05754444132697,19.46897401756153,16.29135825945189
1,All Population,28,HALE (Healthy life expectancy),69,Singapore,1,Male,18,65-69 years,5,Years,2019,15.724572054872551,16.950984999798433,14.319884150027251
1,All Population,28,HALE (Healthy life expectancy),69,Singapore,2,Female,18,65-69 years,5,Years,2019,18.222293505128167,19.68341886514325,16.41524054345699
1,All Population,28,HALE (Healthy life expectancy),69,Singapore,1,Male,19,70-74 years,5,Years,2007,10.582787552925732,11.496139995177854,9.60804579460667
1,All Population,28,HALE (Healthy life expectancy),69,Singapore,2,Female,19,70-74 years,5,Years,2007,12.849039214256145,13.938291883419858,11.40877034496258
1,All Population,28,HALE (Healthy life expectancy),69,Singapore,1,Male,19,70-74 years,5,Years,2008,10.763634021984,11.70389087152085,9.752401525852358
1,All Population,28,HALE (Healthy life expectancy),69,Singapore,2,Female,19,70-74 years,5,Years,2008,13.04200801815016,14.135107249372712,11.62044888964159
1,All Population,28,HALE (Healthy life expectancy),69,Singapore,1,Male,19,70-74 years,5,Years,2009,10.978786307790203,11.952754187715794,9.91352208639763
1,All Population,28,HALE (Healthy life expectancy),69,Singapore,2,Female,19,70-74 years,5,Years,2009,13.306691840524694,14.474996657261515,11.88075653459538
1,All Population,28,HALE (Healthy life expectancy),69,Singapore,1,Male,19,70-74 years,5,Years,2010,11.10379115168332,12.00688970931034,9.960787827857455
1,All Population,28,HALE (Healthy life expectancy),69,Singapore,2,Female,19,70-74 years,5,Years,2010,13.493055220747117,14.654270384314842,12.085021611706704
1,All Population,28,HALE (Healthy life expectancy),69,Singapore,1,Male,19,70-74 years,5,Years,2011,11.24783251857376,12.198293443635537,10.065419358758405
1,All Population,28,HALE (Healthy life expectancy),69,Singapore,2,Female,19,70-74 years,5,Years,2011,13.635932042653362,14.826708739060738,12.17311720731022
1,All Population,28,HALE (Healthy life expectancy),69,Singapore,1,Male,19,70-74 years,5,Years,2012,11.410106767373,12.398847912787392,10.27143313860844
1,All Population,28,HALE (Healthy life expectancy),69,Singapore,2,Female,19,70-74 years,5,Years,2012,13.74493154415755,14.916282215730243,12.296671202716563
1,All Population,28,HALE (Healthy life expectancy),69,Singapore,1,Male,19,70-74 years,5,Years,2013,11.589215463877544,12.612832043631734,10.492100581736086
1,All Population,28,HALE (Healthy life expectancy),69,Singapore,2,Female,19,70-74 years,5,Years,2013,13.861843058561323,15.052827635729145,12.39969420182819
1,All Population,28,HALE (Healthy life expectancy),69,Singapore,1,Male,19,70-74 years,5,Years,2014,11.732417761432767,12.715890598096056,10.655166407875052
1,All Population,28,HALE (Healthy life expectancy),69,Singapore,2,Female,19,70-74 years,5,Years,2014,13.939186111469535,15.108703118564506,12.421497546642168
1,All Population,28,HALE (Healthy life expectancy),69,Singapore,1,Male,19,70-74 years,5,Years,2015,11.893710609446169,12.878094166132824,10.792245411244968
1,All Population,28,HALE (Healthy life expectancy),69,Singapore,2,Female,19,70-74 years,5,Years,2015,14.111064839941964,15.30991964456066,12.586583863895129
1,All Population,28,HALE (Healthy life expectancy),69,Singapore,1,Male,19,70-74 years,5,Years,2016,12.028716977638595,13.018059026647176,10.829974036897738
1,All Population,28,HALE (Healthy life expectancy),69,Singapore,2,Female,19,70-74 years,5,Years,2016,14.263786612289117,15.512657382056856,12.669538731015004
1,All Population,28,HALE (Healthy life expectancy),69,Singapore,1,Male,19,70-74 years,5,Years,2017,12.152581086326748,13.18468009172948,10.916208318751346
1,All Population,28,HALE (Healthy life expectancy),69,Singapore,2,Female,19,70-74 years,5,Years,2017,14.346518742035713,15.597469157446277,12.781333436199704
1,All Population,28,HALE (Healthy life expectancy),69,Singapore,1,Male,19,70-74 years,5,Years,2018,12.301777983446026,13.33387420683107,11.091498640477615
1,All Population,28,HALE (Healthy life expectancy),69,Singapore,2,Female,19,70-74 years,5,Years,2018,14.509260467365252,15.756596300534826,12.967099140274154
1,All Population,28,HALE (Healthy life expectancy),69,Singapore,1,Male,19,70-74 years,5,Years,2019,12.387930095362162,13.423743566542331,11.175444310584224
1,All Population,28,HALE (Healthy life expectancy),69,Singapore,2,Female,19,70-74 years,5,Years,2019,14.669070480124171,15.93206319690009,13.098629529714309
1,All Population,28,HALE (Healthy life expectancy),69,Singapore,1,Male,20,75-79 years,5,Years,2007,8.066496952650791,8.819105765255,7.202330336981773
1,All Population,28,HALE (Healthy life expectancy),69,Singapore,2,Female,20,75-79 years,5,Years,2007,9.919982776440223,10.860749430476185,8.747978883884182
1,All Population,28,HALE (Healthy life expectancy),69,Singapore,1,Male,20,75-79 years,5,Years,2008,8.221092308666373,9.010819253320438,7.379476596996523
1,All Population,28,HALE (Healthy life expectancy),69,Singapore,2,Female,20,75-79 years,5,Years,2008,10.085204879526854,11.022388050630106,8.938366537689179
1,All Population,28,HALE (Healthy life expectancy),69,Singapore,1,Male,20,75-79 years,5,Years,2009,8.405987840448581,9.20960628171762,7.512308489931563
1,All Population,28,HALE (Healthy life expectancy),69,Singapore,2,Female,20,75-79 years,5,Years,2009,10.30498754685162,11.292209474532177,9.114404897846404
1,All Population,28,HALE (Healthy life expectancy),69,Singapore,1,Male,20,75-79 years,5,Years,2010,8.51661762767039,9.284369542471664,7.563528669070711
1,All Population,28,HALE (Healthy life expectancy),69,Singapore,2,Female,20,75-79 years,5,Years,2010,10.456007108120891,11.444480019971756,9.292453591222218
1,All Population,28,HALE (Healthy life expectancy),69,Singapore,1,Male,20,75-79 years,5,Years,2011,8.64467697501439,9.445819790787384,7.666144331648745
1,All Population,28,HALE (Healthy life expectancy),69,Singapore,2,Female,20,75-79 years,5,Years,2011,10.575276659819108,11.570334789747632,9.373245817294722
1,All Population,28,HALE (Healthy life expectancy),69,Singapore,1,Male,20,75-79 years,5,Years,2012,8.771369927672591,9.5771509639938,7.822214858668063
1,All Population,28,HALE (Healthy life expectancy),69,Singapore,2,Female,20,75-79 years,5,Years,2012,10.651198997122568,11.643189690728464,9.488465492028304
1,All Population,28,HALE (Healthy life expectancy),69,Singapore,1,Male,20,75-79 years,5,Years,2013,8.892676362518776,9.740758950720064,8.006961523705566
1,All Population,28,HALE (Healthy life expectancy),69,Singapore,2,Female,20,75-79 years,5,Years,2013,10.7206010745762,11.748963979026067,9.542901673328856
1,All Population,28,HALE (Healthy life expectancy),69,Singapore,1,Male,20,75-79 years,5,Years,2014,8.99491852257988,9.812005074776042,8.076543432428986
1,All Population,28,HALE (Healthy life expectancy),69,Singapore,2,Female,20,75-79 years,5,Years,2014,10.7672615132771,11.743517859019136,9.534410744022216
1,All Population,28,HALE (Healthy life expectancy),69,Singapore,1,Male,20,75-79 years,5,Years,2015,9.112456160630025,9.946732885664408,8.170022119328259
1,All Population,28,HALE (Healthy life expectancy),69,Singapore,2,Female,20,75-79 years,5,Years,2015,10.898154089216588,11.890903581434031,9.620913939325366
1,All Population,28,HALE (Healthy life expectancy),69,Singapore,1,Male,20,75-79 years,5,Years,2016,9.22083016256162,10.048490253879946,8.21111368210805
1,All Population,28,HALE (Healthy life expectancy),69,Singapore,2,Female,20,75-79 years,5,Years,2016,11.028331060479704,12.09421550004225,9.710583932515942
1,All Population,28,HALE (Healthy life expectancy),69,Singapore,1,Male,20,75-79 years,5,Years,2017,9.332466783089211,10.200982866430294,8.295082331685606
1,All Population,28,HALE (Healthy life expectancy),69,Singapore,2,Female,20,75-79 years,5,Years,2017,11.10770748926775,12.168082428918924,9.811458599239089
1,All Population,28,HALE (Healthy life expectancy),69,Singapore,1,Male,20,75-79 years,5,Years,2018,9.440872011180556,10.339923081642985,8.372311722747519
1,All Population,28,HALE (Healthy life expectancy),69,Singapore,2,Female,20,75-79 years,5,Years,2018,11.25434647869272,12.280262080864173,9.951980200913406
1,All Population,28,HALE (Healthy life expectancy),69,Singapore,1,Male,20,75-79 years,5,Years,2019,9.48370615079109,10.374454141087536,8.479638136672161
1,All Population,28,HALE (Healthy life expectancy),69,Singapore,2,Female,20,75-79 years,5,Years,2019,11.401699088041982,12.474255007284818,10.068850591323642
1,All Population,28,HALE (Healthy life expectancy),69,Singapore,1,Male,30,80-84 years,5,Years,2007,6.028875830660719,6.6741234988280045,5.358357701692453
1,All Population,28,HALE (Healthy life expectancy),69,Singapore,2,Female,30,80-84 years,5,Years,2007,7.459515794370437,8.224817006146885,6.490580834415245
1,All Population,28,HALE (Healthy life expectancy),69,Singapore,1,Male,30,80-84 years,5,Years,2008,6.147758437457145,6.774043009321583,5.461394655249101
1,All Population,28,HALE (Healthy life expectancy),69,Singapore,2,Female,30,80-84 years,5,Years,2008,7.589634602840044,8.36909913724686,6.664820657034369
1,All Population,28,HALE (Healthy life expectancy),69,Singapore,1,Male,30,80-84 years,5,Years,2009,6.289567336872119,6.946158974351157,5.517395845773041
1,All Population,28,HALE (Healthy life expectancy),69,Singapore,2,Female,30,80-84 years,5,Years,2009,7.757458035830295,8.59023252631514,6.803751484523846
1,All Population,28,HALE (Healthy life expectancy),69,Singapore,1,Male,30,80-84 years,5,Years,2010,6.388245049591736,7.049241648957215,5.6046586214487935
1,All Population,28,HALE (Healthy life expectancy),69,Singapore,2,Female,30,80-84 years,5,Years,2010,7.879233170827179,8.665674070083805,6.928009323027171
1,All Population,28,HALE (Healthy life expectancy),69,Singapore,1,Male,30,80-84 years,5,Years,2011,6.500536158046618,7.17627237305476,5.719894970349944
1,All Population,28,HALE (Healthy life expectancy),69,Singapore,2,Female,30,80-84 years,5,Years,2011,7.981133119977104,8.761511473090806,6.995717790042407
1,All Population,28,HALE (Healthy life expectancy),69,Singapore,1,Male,30,80-84 years,5,Years,2012,6.598071243352348,7.275097671487468,5.813311140539666
1,All Population,28,HALE (Healthy life expectancy),69,Singapore,2,Female,30,80-84 years,5,Years,2012,8.032626898639222,8.825090508087845,7.072620912732072
1,All Population,28,HALE (Healthy life expectancy),69,Singapore,1,Male,30,80-84 years,5,Years,2013,6.690249164785183,7.39987941228543,5.923365879742029
1,All Population,28,HALE (Healthy life expectancy),69,Singapore,2,Female,30,80-84 years,5,Years,2013,8.070650537967845,8.898102787437425,7.086285253384995
1,All Population,28,HALE (Healthy life expectancy),69,Singapore,1,Male,30,80-84 years,5,Years,2014,6.77333258279012,7.478289734248446,5.972441967312579
1,All Population,28,HALE (Healthy life expectancy),69,Singapore,2,Female,30,80-84 years,5,Years,2014,8.10045919668491,8.90318202577527,7.094319239410727
1,All Population,28,HALE (Healthy life expectancy),69,Singapore,1,Male,30,80-84 years,5,Years,2015,6.864981411883257,7.564270520013479,6.092496394151575
1,All Population,28,HALE (Healthy life expectancy),69,Singapore,2,Female,30,80-84 years,5,Years,2015,8.195523070265732,9.00273910639402,7.177649677125805
1,All Population,28,HALE (Healthy life expectancy),69,Singapore,1,Male,30,80-84 years,5,Years,2016,6.93295199041503,7.64431133357537,6.097564163682919
1,All Population,28,HALE (Healthy life expectancy),69,Singapore,2,Female,30,80-84 years,5,Years,2016,8.281965233527542,9.192569030359053,7.235963222333644
1,All Population,28,HALE (Healthy life expectancy),69,Singapore,1,Male,30,80-84 years,5,Years,2017,6.990084312370527,7.733123667559244,6.139384457803814
1,All Population,28,HALE (Healthy life expectancy),69,Singapore,2,Female,30,80-84 years,5,Years,2017,8.306493155783985,9.185871257907609,7.288057960002293
1,All Population,28,HALE (Healthy life expectancy),69,Singapore,1,Male,30,80-84 years,5,Years,2018,7.044231860067079,7.803307172394416,6.171753636748315
1,All Population,28,HALE (Healthy life expectancy),69,Singapore,2,Female,30,80-84 years,5,Years,2018,8.384026378178088,9.236658156345513,7.352994932183169
1,All Population,28,HALE (Healthy life expectancy),69,Singapore,1,Male,30,80-84 years,5,Years,2019,7.058858166251587,7.797485519663968,6.259752466209362
1,All Population,28,HALE (Healthy life expectancy),69,Singapore,2,Female,30,80-84 years,5,Years,2019,8.485464720558294,9.36928287110896,7.4413482151166175
1,All Population,28,HALE (Healthy life expectancy),69,Singapore,1,Male,31,85-89 years,5,Years,2007,4.657985117762721,5.264152030755469,4.081408157639155
1,All Population,28,HALE (Healthy life expectancy),69,Singapore,2,Female,31,85-89 years,5,Years,2007,5.570032736940417,6.231428988203842,4.8151070845772335
1,All Population,28,HALE (Healthy life expectancy),69,Singapore,1,Male,31,85-89 years,5,Years,2008,4.712978892143244,5.290180010085008,4.112704234796551
1,All Population,28,HALE (Healthy life expectancy),69,Singapore,2,Female,31,85-89 years,5,Years,2008,5.652410572056629,6.327560471508344,4.920060609360609
1,All Population,28,HALE (Healthy life expectancy),69,Singapore,1,Male,31,85-89 years,5,Years,2009,4.775296410355681,5.3307681679199135,4.135798073583636
1,All Population,28,HALE (Healthy life expectancy),69,Singapore,2,Female,31,85-89 years,5,Years,2009,5.757901468618552,6.4327060708366215,5.022406485881766
1,All Population,28,HALE (Healthy life expectancy),69,Singapore,1,Male,31,85-89 years,5,Years,2010,4.818329454519771,5.351338232553784,4.20240969940355
1,All Population,28,HALE (Healthy life expectancy),69,Singapore,2,Female,31,85-89 years,5,Years,2010,5.830827755956381,6.477605846068322,5.085405760267734
1,All Population,28,HALE (Healthy life expectancy),69,Singapore,1,Male,31,85-89 years,5,Years,2011,4.87189931884539,5.426497978374505,4.220662907375124
1,All Population,28,HALE (Healthy life expectancy),69,Singapore,2,Female,31,85-89 years,5,Years,2011,5.888425448623882,6.538338499319395,5.105298118416584
1,All Population,28,HALE (Healthy life expectancy),69,Singapore,1,Male,31,85-89 years,5,Years,2012,4.919627017302728,5.476349019247971,4.264038166822909
1,All Population,28,HALE (Healthy life expectancy),69,Singapore,2,Female,31,85-89 years,5,Years,2012,5.906579135407703,6.558430176934594,5.125864476098209
1,All Population,28,HALE (Healthy life expectancy),69,Singapore,1,Male,31,85-89 years,5,Years,2013,4.977175626068201,5.576757915240173,4.311821449552219
1,All Population,28,HALE (Healthy life expectancy),69,Singapore,2,Female,31,85-89 years,5,Years,2013,5.923371107281155,6.60684580665348,5.12615622411062
1,All Population,28,HALE (Healthy life expectancy),69,Singapore,1,Male,31,85-89 years,5,Years,2014,5.0379503465959,5.611913781996778,4.355652416473889
1,All Population,28,HALE (Healthy life expectancy),69,Singapore,2,Female,31,85-89 years,5,Years,2014,5.947986425681356,6.603857800848314,5.153571895667453
1,All Population,28,HALE (Healthy life expectancy),69,Singapore,1,Male,31,85-89 years,5,Years,2015,5.108121715114335,5.682055717449932,4.438265894677576
1,All Population,28,HALE (Healthy life expectancy),69,Singapore,2,Female,31,85-89 years,5,Years,2015,6.027651668156643,6.712120561405271,5.212042661044123
1,All Population,28,HALE (Healthy life expectancy),69,Singapore,1,Male,31,85-89 years,5,Years,2016,5.160021875973158,5.767624663915475,4.48404943934441
1,All Population,28,HALE (Healthy life expectancy),69,Singapore,2,Female,31,85-89 years,5,Years,2016,6.098196716224008,6.836145315893663,5.275826751051115
1,All Population,28,HALE (Healthy life expectancy),69,Singapore,1,Male,31,85-89 years,5,Years,2017,5.205828509822132,5.844210750668273,4.524147210545502
1,All Population,28,HALE (Healthy life expectancy),69,Singapore,2,Female,31,85-89 years,5,Years,2017,6.116524189083134,6.812774377160125,5.3189725295834105
1,All Population,28,HALE (Healthy life expectancy),69,Singapore,1,Male,31,85-89 years,5,Years,2018,5.259393646783548,5.892832120632349,4.567563479093557
1,All Population,28,HALE (Healthy life expectancy),69,Singapore,2,Female,31,85-89 years,5,Years,2018,6.158908822879795,6.84453723277483,5.364474699428671
1,All Population,28,HALE (Healthy life expectancy),69,Singapore,1,Male,31,85-89 years,5,Years,2019,5.2953713890955925,5.9097198572712415,4.6297103519258735
1,All Population,28,HALE (Healthy life expectancy),69,Singapore,2,Female,31,85-89 years,5,Years,2019,6.2183452197600895,6.92452898496212,5.39626239869009
1,All Population,28,HALE (Healthy life expectancy),69,Singapore,1,Male,32,90-94 years,5,Years,2007,3.3484198872245905,3.827259924775625,2.8366331235161986
1,All Population,28,HALE (Healthy life expectancy),69,Singapore,2,Female,32,90-94 years,5,Years,2007,3.933490544562906,4.419763344205328,3.3464293171363884
1,All Population,28,HALE (Healthy life expectancy),69,Singapore,1,Male,32,90-94 years,5,Years,2008,3.373950669812475,3.8706423708848576,2.8713240865986185
1,All Population,28,HALE (Healthy life expectancy),69,Singapore,2,Female,32,90-94 years,5,Years,2008,3.983849821327702,4.492985755037759,3.399028012650001
1,All Population,28,HALE (Healthy life expectancy),69,Singapore,1,Male,32,90-94 years,5,Years,2009,3.4066441341252816,3.897874794250455,2.904102751134306
1,All Population,28,HALE (Healthy life expectancy),69,Singapore,2,Female,32,90-94 years,5,Years,2009,4.05575078150239,4.5686001042551325,3.4919548623578915
1,All Population,28,HALE (Healthy life expectancy),69,Singapore,1,Male,32,90-94 years,5,Years,2010,3.4338506515025484,3.9039267831098,2.9510242359226355
1,All Population,28,HALE (Healthy life expectancy),69,Singapore,2,Female,32,90-94 years,5,Years,2010,4.109040464727801,4.573173087347914,3.526567042444344
1,All Population,28,HALE (Healthy life expectancy),69,Singapore,1,Male,32,90-94 years,5,Years,2011,3.458093250233897,3.910841343646701,2.9331998169177917
1,All Population,28,HALE (Healthy life expectancy),69,Singapore,2,Female,32,90-94 years,5,Years,2011,4.144307430135296,4.623725818824044,3.5375985262868546
1,All Population,28,HALE (Healthy life expectancy),69,Singapore,1,Male,32,90-94 years,5,Years,2012,3.475606579490576,3.929240248573589,2.957048192578168
1,All Population,28,HALE (Healthy life expectancy),69,Singapore,2,Female,32,90-94 years,5,Years,2012,4.145695970420433,4.653179956918688,3.527180991242383
1,All Population,28,HALE (Healthy life expectancy),69,Singapore,1,Male,32,90-94 years,5,Years,2013,3.4961770075252434,3.958320767827812,2.945294059464289
1,All Population,28,HALE (Healthy life expectancy),69,Singapore,2,Female,32,90-94 years,5,Years,2013,4.151093055837601,4.685325935661052,3.5564970521661925
1,All Population,28,HALE (Healthy life expectancy),69,Singapore,1,Male,32,90-94 years,5,Years,2014,3.515656177616598,3.983082982243301,2.973718938898319
1,All Population,28,HALE (Healthy life expectancy),69,Singapore,2,Female,32,90-94 years,5,Years,2014,4.157696241453646,4.676753819056524,3.5816857606345938
1,All Population,28,HALE (Healthy life expectancy),69,Singapore,1,Male,32,90-94 years,5,Years,2015,3.5299538051011266,3.987295935059561,2.99052526325598
1,All Population,28,HALE (Healthy life expectancy),69,Singapore,2,Female,32,90-94 years,5,Years,2015,4.180560055145036,4.715438319242166,3.5982419541164745
1,All Population,28,HALE (Healthy life expectancy),69,Singapore,1,Male,32,90-94 years,5,Years,2016,3.534510632653324,4.017957563692155,2.990479747829013
1,All Population,28,HALE (Healthy life expectancy),69,Singapore,2,Female,32,90-94 years,5,Years,2016,4.188605135238901,4.728539156855014,3.5785597425032822
1,All Population,28,HALE (Healthy life expectancy),69,Singapore,1,Male,32,90-94 years,5,Years,2017,3.5378320731802333,4.00568800745275,2.996197036460442
1,All Population,28,HALE (Healthy life expectancy),69,Singapore,2,Female,32,90-94 years,5,Years,2017,4.178474079295211,4.720188768420806,3.582901893577748
1,All Population,28,HALE (Healthy life expectancy),69,Singapore,1,Male,32,90-94 years,5,Years,2018,3.544360520154588,3.996566793152283,2.9790415387677296
1,All Population,28,HALE (Healthy life expectancy),69,Singapore,2,Female,32,90-94 years,5,Years,2018,4.177675138397192,4.697885445162484,3.603037109826855
1,All Population,28,HALE (Healthy life expectancy),69,Singapore,1,Male,32,90-94 years,5,Years,2019,3.5573969932065648,4.056029064280788,3.0019433690160806
1,All Population,28,HALE (Healthy life expectancy),69,Singapore,2,Female,32,90-94 years,5,Years,2019,4.180398916522275,4.678046144638751,3.587407348012949
1,All Population,28,HALE (Healthy life expectancy),69,Singapore,1,Male,235,95+ years,5,Years,2007,2.3868365285304867,2.784985501527991,1.9986499208308943
1,All Population,28,HALE (Healthy life expectancy),69,Singapore,2,Female,235,95+ years,5,Years,2007,2.8194498724469863,3.2631359109398854,2.370542228756128
1,All Population,28,HALE (Healthy life expectancy),69,Singapore,1,Male,235,95+ years,5,Years,2008,2.40254268511843,2.836162567387231,2.0122358420067465
1,All Population,28,HALE (Healthy life expectancy),69,Singapore,2,Female,235,95+ years,5,Years,2008,2.8535060194870763,3.283429043975517,2.4192945061561746
1,All Population,28,HALE (Healthy life expectancy),69,Singapore,1,Male,235,95+ years,5,Years,2009,2.417579422676071,2.8400947637455447,2.0151871529210954
1,All Population,28,HALE (Healthy life expectancy),69,Singapore,2,Female,235,95+ years,5,Years,2009,2.8940295391167097,3.347572482696633,2.450188892881947
1,All Population,28,HALE (Healthy life expectancy),69,Singapore,1,Male,235,95+ years,5,Years,2010,2.43293367297708,2.848115076711206,2.021140731840433
1,All Population,28,HALE (Healthy life expectancy),69,Singapore,2,Female,235,95+ years,5,Years,2010,2.9231546112360576,3.357385267729582,2.511732291789548
1,All Population,28,HALE (Healthy life expectancy),69,Singapore,1,Male,235,95+ years,5,Years,2011,2.4460491457254263,2.8292813892831306,1.9936306791632807
1,All Population,28,HALE (Healthy life expectancy),69,Singapore,2,Female,235,95+ years,5,Years,2011,2.9411176699607564,3.3281361348120173,2.485717179163776
1,All Population,28,HALE (Healthy life expectancy),69,Singapore,1,Male,235,95+ years,5,Years,2012,2.4589505922223385,2.8703853255286527,2.0328175955467374
1,All Population,28,HALE (Healthy life expectancy),69,Singapore,2,Female,235,95+ years,5,Years,2012,2.9407395822557647,3.334679024117267,2.4466760282921167
1,All Population,28,HALE (Healthy life expectancy),69,Singapore,1,Male,235,95+ years,5,Years,2013,2.469434597015907,2.89880479638657,2.0501923524910555
1,All Population,28,HALE (Healthy life expectancy),69,Singapore,2,Female,235,95+ years,5,Years,2013,2.9449907418148453,3.321005604738878,2.4817387352632947
1,All Population,28,HALE (Healthy life expectancy),69,Singapore,1,Male,235,95+ years,5,Years,2014,2.4840909535955813,2.91377202703959,2.061013644273328
1,All Population,28,HALE (Healthy life expectancy),69,Singapore,2,Female,235,95+ years,5,Years,2014,2.952193465425112,3.36944203581458,2.490555775925686
1,All Population,28,HALE (Healthy life expectancy),69,Singapore,1,Male,235,95+ years,5,Years,2015,2.4985846726593466,2.911208912766256,2.059828577822954
1,All Population,28,HALE (Healthy life expectancy),69,Singapore,2,Female,235,95+ years,5,Years,2015,2.965732317746164,3.477047562354206,2.535197873626702
1,All Population,28,HALE (Healthy life expectancy),69,Singapore,1,Male,235,95+ years,5,Years,2016,2.5082659265466254,2.945435119940125,2.058705081116419
1,All Population,28,HALE (Healthy life expectancy),69,Singapore,2,Female,235,95+ years,5,Years,2016,2.9716606228082973,3.4671232476751235,2.4836870684741887
1,All Population,28,HALE (Healthy life expectancy),69,Singapore,1,Male,235,95+ years,5,Years,2017,2.5160523268646364,2.9627028523179737,2.07401823897888
1,All Population,28,HALE (Healthy life expectancy),69,Singapore,2,Female,235,95+ years,5,Years,2017,2.9687245024820705,3.429889568416208,2.5037470610271764
1,All Population,28,HALE (Healthy life expectancy),69,Singapore,1,Male,235,95+ years,5,Years,2018,2.523992155000543,2.9720081652740875,2.039472530561736
1,All Population,28,HALE (Healthy life expectancy),69,Singapore,2,Female,235,95+ years,5,Years,2018,2.972304867176359,3.3847563610403566,2.509280163617118
1,All Population,28,HALE (Healthy life expectancy),69,Singapore,1,Male,235,95+ years,5,Years,2019,2.529545905575681,2.944796406150944,2.0961750161742647
1,All Population,28,HALE (Healthy life expectancy),69,Singapore,2,Female,235,95+ years,5,Years,2019,2.9756938195345954,3.405195376299444,2.5117240938078966
